read_id,primer_spacer_seq,primer_seq+spacer_on_read,primer_start,primer_end,next_spacer_bp,next_umi_bp,primer_mismatches,core_mismatches,strand,read_length,status,expected_structure,observed_prefix,observed_prefix_on_read,first_80bp,last_80bp
146c21be-69f9-4573-85ee-a4c48c34bb13,CCGCTCCGTCCGACGACTCACTATAGTG,CCGCTCCGTCCGACGACTCACTATCATG,0,25,ATG,CATCGACT,1,None,+,2970,primer_only_bad_spacer,CCGCTCCGTCCGACGACTCACTATAGTGNNNNNNNN,CCGCTCCGTCCGACGACTCACTATCATGCATCGACT,CCGCTCCGTCCGACGACTCACTATCATGCATCGACT,CCGCTCCGTCCGACGACTCACTATCATGCATCGACTTTTTTTTTTTTTTTTTTTTTTTTTTTTTTTTTTTTTTTTTTTTT,GCTTAATGACTGACGTATTACAATTTATTAACCTATATTCACTATAATTACTACTACTATTCTTACTACTATCATCAAGT
c4166c5f-ab74-4491-82db-5191e630d776,CCGCTCCGTCCGACGACTCACTATAGTG,CCGCTCCGTCCGACGACTCACTATGTGG,0,25,TGG,TCGGAGCA,1,None,+,5068,primer_only_bad_spacer,CCGCTCCGTCCGACGACTCACTATAGTGNNNNNNNN,CCGCTCCGTCCGACGACTCACTATGTGGTCGGAGCA,CCGCTCCGTCCGACGACTCACTATGTGGTCGGAGCA,CCGCTCCGTCCGACGACTCACTATGTGGTCGGAGCACTTTTTTTTTTTTTTTTTTTTTTTTTTTTAAGCACTCAAGGCAA,CTGCCCTATGATTTTCTTTAATTCCTTATTCATAGATTCTACTACTCCTTGACTTTGGGGATTGTAGGGATGCAAAAATC
8f4716db-7dec-418a-b5ba-4fb710b48b3f,CCGCTCCGTCCGACGACTCACTATAGTG,CCGCTCCGTCCGACGACTCACTATAATG,1,26,ATG,GTCCGGGA,None,None,+,15335,primer_only_bad_spacer,CCGCTCCGTCCGACGACTCACTATAGTGNNNNNNNN,CCGCTCCGTCCGACGACTCACTATAATGGTCCGGGA,CCGCTCCGTCCGACGACTCACTATAATGGTCCGGGA,CCCGCTCCGTCCGACGACTCACTATAATGGTCCGGGATTTTTTTTTTTTTTTTTTTTTTTTTTTTTTTTTTTTTTTTTTT,TAAAGCCTCAATAAAGCTTGCCTTGAGTGCTTAAAAAAAAAAAAAAAAAAAAAAAAAAAAAAAAAACCCAATCACTCTGG
dae3147c-5221-4014-ac37-986bd267c5af,CCGCTCCGTCCGACGACTCACTATAGTG,CCGCTCCGTCCGACGACTCACTATAAGT,0,25,AGT,GTCGTTAA,None,None,+,6853,primer_only_bad_spacer,CCGCTCCGTCCGACGACTCACTATAGTGNNNNNNNN,CCGCTCCGTCCGACGACTCACTATAAGTGTCGTTAA,CCGCTCCGTCCGACGACTCACTATAAGTGTCGTTAA,CCGCTCCGTCCGACGACTCACTATAAGTGTCGTTAATTTTTTTTTTTTTAGCACTCAAGGCAAGCTTTATTGAGGCTTTA,AACAGGCTGCTTTCATTGCAGTGCTGGTGAAATTGCTACCGTTGTCTGTGTGTATTACTTTTACTGGCCATCTTCCTGCA
e7224d34-28db-44b7-8e62-5373d6056146,CCGCTCCGTCCGACGACTCACTATAGTG,GCCGCTAGTGAGTCGTCGGACGGAGCGG,5103,5128,GGC,CCCGGGTT,2,None,-,5129,primer_only_bad_spacer,CCGCTCCGTCCGACGACTCACTATAGTGNNNNNNNN,CCGCTCCGTCCGACGACTCACTAGCGGCCCCGGGTT,AACCCGGGGCCGCTAGTGAGTCGTCGGACGGAGCGG,CTTGGCGGGAAAATAGCATGAAGAGTTAATACACACAGACAACGGTAGCAATTTCACCAGCACTGCAATGAAAGCAGCCT,CCTCAATAAAGCTTGCCTTGAGTGCTTAAAAAAAAAAAAAAAAAACCCGGGGCCGCTAGTGAGTCGTCGGACGGAGCGGA
fd33d5c6-10d4-4d26-a9ab-7878fc36c986,CCGCTCCGTCCGACGACTCACTATAGTG,CCGCTCCGTCCGACGACTCACTATGAGT,0,25,AGT,GAACTAGA,1,None,+,5147,primer_only_bad_spacer,CCGCTCCGTCCGACGACTCACTATAGTGNNNNNNNN,CCGCTCCGTCCGACGACTCACTATGAGTGAACTAGA,CCGCTCCGTCCGACGACTCACTATGAGTGAACTAGA,CCGCTCCGTCCGACGACTCACTATGAGTGAACTAGATTTTTTTTTTTTAGCACTCAAGGCAAGCTTTATTGAGGCTTTAA,TTTCATTGCAGTGCTGGTGAAATTGCTACCGTTGTCTGTGTGTATTACTTTTACTGGCCATCTTTTCCTGCTAGTTTTAA
60ae2da8-b926-408e-956f-b73a36b7b1bc,CCGCTCCGTCCGACGACTCACTATAGTG,CCGCTCCGTCCGACGACTCGCTGTCGTC,0,25,GTC,GTCCCATT,3,1,+,5120,primer_only_bad_spacer,CCGCTCCGTCCGACGACTCACTATAGTGNNNNNNNN,CCGCTCCGTCCGACGACTCGCTGTCGTCGTCCCATT,CCGCTCCGTCCGACGACTCGCTGTCGTCGTCCCATT,CCGCTCCGTCCGACGACTCGCTGTCGTCGTCCCATTGTTTAGCGCTCAAGGCAAGCTTTCTGAGGCTTTAAGCAGTGGGT,GCTTTCATTGCAGTGCTGGTGAAATTGCTACCGTTGTCTGTGTGTATTACTTTTACTGGCCATCTTCCTGCTAACTTTAA
c89989d9-92dc-4b4a-866b-3964478498b1,CCGCTCCGTCCGACGACTCACTATAGTG,TAACATAGTGAGTCGTCGGACGGAGCGG,4732,4757,TTA,CTACTTTT,1,None,-,4758,primer_only_bad_spacer,CCGCTCCGTCCGACGACTCACTATAGTGNNNNNNNN,CCGCTCCGTCCGACGACTCACTATGTTACTACTTTT,AAAAGTAGTAACATAGTGAGTCGTCGGACGGAGCGG,TAAAGTTAGCAGGAAGATGGCCAGTAAAAGTAATACACACAGACAACGGTAGCAATTTCACCAGCACTGCAATGAAAGCA,AAAAAAAAAAAAAAAAAAAAAAAAAAAAAAAAAAAAAAAAAAAAAAAGTAGTAACATAGTGAGTCGTCGGACGGAGCGGA
d10c83fd-4f2f-4219-a1c5-54e4e663fe6b,CCGCTCCGTCCGACGACTCACTATAGTG,CGCTCTAGTGAGTCGTCGGACGGAGCGG,634,659,GCG,CCCGCAAT,1,None,-,660,primer_only_bad_spacer,CCGCTCCGTCCGACGACTCACTATAGTGNNNNNNNN,CCGCTCCGTCCGACGACTCACTAGAGCGCCCGCAAT,ATTGCGGGCGCTCTAGTGAGTCGTCGGACGGAGCGG,CTTATAAGGGAGCTTTTGATCTTAGCTTCTTTTAAGAGAAAAGGGGGGACTGGATGGGCTAATTCACTCCCAGAAAAGAC,CTTGCCTTGAGTGCTTAAAAAAAAACAAAAAAAAAAAAAAAAAATTGCGGGCGCTCTAGTGAGTCGTCGGACGGAGCGGA
2e94c626-ab82-41b0-b77c-867556a5f4b3,CCGCTCCGTCCGACGACTCACTATAGTG,CCGCTCCGTCCGACGACTCGCTATTATC,1,26,ATC,AGAATCGC,2,1,+,5086,primer_only_bad_spacer,CCGCTCCGTCCGACGACTCACTATAGTGNNNNNNNN,CCGCTCCGTCCGACGACTCGCTATTATCAGAATCGC,CCGCTCCGTCCGACGACTCGCTATTATCAGAATCGC,CCCGCTCCGTCCGACGACTCGCTATTATCAGAATCGCGTTTTTTTTTTTTTTTTTTTTTTTTTTTTTTTTTTTTTTTTTT,GCCCTATGATTTTCTTTAATTCCTTATTCATAGATTCTACTACTCCTTGACTTTCGGGGATTGTCAGGGGATCCCAAACT
b32ad519-1b4a-4c4d-adaa-7940dbb5bfa4,CCGCTCCGTCCGACGACTCACTATAGTG,CCGCTCCGTCCGACGACTCACTATAGTC,0,25,GTC,GTCCGGGA,None,None,+,5184,primer_only_bad_spacer,CCGCTCCGTCCGACGACTCACTATAGTGNNNNNNNN,CCGCTCCGTCCGACGACTCACTATAGTCGTCCGGGA,CCGCTCCGTCCGACGACTCACTATAGTCGTCCGGGA,CCGCTCCGTCCGACGACTCACTATAGTCGTCCGGGATTTTTTTTTTTTTTTATTTTTTTTTTTTTTTAAGCACTCAAGGC,GGCTGCTTTCATTGCAGTGCTGGTGAAATTGCTACCGTTGTCTGTGTGTATTACTTTACTGGCCATCTTCCTGCTAACTA
b16fc18a-7a40-4db3-8aab-856ff3bf2616,CCGCTCCGTCCGACGACTCACTATAGTG,CCGCTCCGTCCGACGACTCACTATCATG,0,25,ATG,CCGCAATA,1,None,+,10146,primer_only_bad_spacer,CCGCTCCGTCCGACGACTCACTATAGTGNNNNNNNN,CCGCTCCGTCCGACGACTCACTATCATGCCGCAATA,CCGCTCCGTCCGACGACTCACTATCATGCCGCAATA,CCGCTCCGTCCGACGACTCACTATCATGCCGCAATATTTTTTTTTTTTTTTTTTTAAGCACTCAAGGCAAGCTTTATTGA,TTGAGTGCTTAAAAAAAAAAAAAAAAAAAAAAAAAAAAGAGACGCGGCCACTATAGTAAGAAGTCGTCGGACAAAGCAAG
95e8665b-5be0-4677-9637-968d23f61cec,CCGCTCCGTCCGACGACTCACTATAGTG,ACTTATAGTGAGTCGTCGGACGGAGCGG,5183,5208,AGT,GTCGTTAA,None,None,-,5209,primer_only_bad_spacer,CCGCTCCGTCCGACGACTCACTATAGTGNNNNNNNN,CCGCTCCGTCCGACGACTCACTATAAGTGTCGTTAA,TTAACGACACTTATAGTGAGTCGTCGGACGGAGCGG,AAAACTAGCAGGAAGATGGCCAGTAAAAGTAATACACACAGACAACGGTAGCGATTTCACCAGCACTGCAATGAAAGCAG,AAAAAAAAAAAAAAAAAAAAAAAAAAAAAAAAAAAAAAAAAAATTAACGACACTTATAGTGAGTCGTCGGACGGAGCGGA
c8ba6f9f-79b7-49cb-a4a7-26f458444981,CCGCTCCGTCCGACGACTCACTATAGTG,CCGCTCCGTCCGACGACTCACTATAAGT,0,25,AGT,GTCCCTTG,None,None,+,5145,primer_only_bad_spacer,CCGCTCCGTCCGACGACTCACTATAGTGNNNNNNNN,CCGCTCCGTCCGACGACTCACTATAAGTGTCCCTTG,CCGCTCCGTCCGACGACTCACTATAAGTGTCCCTTG,CCGCTCCGTCCGACGACTCACTATAAGTGTCCCTTGGTTTTTTTTTTTTTTTTTTTTTTTTTTTTTTTTTTTTTTTTGCA,GCTGCTTTGACTGCAGCACTGGTGAATTTGCTACCGTTGTCTGTGTGTATTACTTTTACTGGCCATCTTCCTGCTAATTA
a47cf241-b316-4ead-b63c-82aeaf162f54,CCGCTCCGTCCGACGACTCACTATAGTG,CCGCTCCGTCCGACGACTCACTATCATG,3,28,ATG,CCATTATT,1,None,+,5048,primer_only_bad_spacer,CCGCTCCGTCCGACGACTCACTATAGTGNNNNNNNN,CCGCTCCGTCCGACGACTCACTATCATGCCATTATT,CCGCTCCGTCCGACGACTCACTATCATGCCATTATT,CTTCCGCTCCGTCCGACGACTCACTATCATGCCATTATTTTTTTTTTTTTTTTTTTTTTTTTTTTTTTTTTTAAGCACTC,TACCTGCCCTATGATTTTTAACTTAATTCCTTATTCATAGATTCTACTCTCCTTGACTTTGGGGATTGTAAGGAGATGCA
b8bbcba6-e6e1-45ee-8e58-15e30f90ae9c,CCGCTCCGTCCGACGACTCACTATAGTG,CCGCTCCGTCCGACGACTCGCTCTGTGA,0,25,TGA,TCCGGCCT,3,1,+,7873,primer_only_bad_spacer,CCGCTCCGTCCGACGACTCACTATAGTGNNNNNNNN,CCGCTCCGTCCGACGACTCGCTCTGTGATCCGGCCT,CCGCTCCGTCCGACGACTCGCTCTGTGATCCGGCCT,CCGCTCCGTCCGACGACTCGCTCTGTGATCCGGCCTTTTTTTTTTTTTTTTTTTTTTTTTTTTTTTTTTTTTTTGCACTC,CTCTGGCTAGCAAGGGAACCCACTGCTTAAAGCCTGCCTTGAGTGCAAAAGGGCCGGATCACTATAGTGAGTCGTCGGAC
d3066937-7d90-4bdd-a820-01dd05520658,CCGCTCCGTCCGACGACTCACTATAGTG,CTATACAGTGAGTCGTCGGACGGAGCGG,5149,5174,TAG,TGGGCATT,1,None,-,5175,primer_only_bad_spacer,CCGCTCCGTCCGACGACTCACTATAGTGNNNNNNNN,CCGCTCCGTCCGACGACTCACTGTATAGTGGGCATT,AATGCCCACTATACAGTGAGTCGTCGGACGGAGCGG,GTTAGCAGGAAGATGGCCAGAGTTAGAAAGTAATACACACAGACAACGGTAGCAATTTCACCAGCACTGCAATGAAAGCA,TGCTTAAAAAAAAAAAAAAAAAAAAAAAAAAAAAAAAAAAAAAAATGCCCACTATACAGTGAGTCGTCGGACGGAGCGGA
db00876b-e673-4817-95d0-61c7d6d73226,CCGCTCCGTCCGACGACTCACTATAGTG,CCGCTCCGTCCGACGACTCACTATCATG,0,25,ATG,CATCTTTT,1,None,+,5142,primer_only_bad_spacer,CCGCTCCGTCCGACGACTCACTATAGTGNNNNNNNN,CCGCTCCGTCCGACGACTCACTATCATGCATCTTTT,CCGCTCCGTCCGACGACTCACTATCATGCATCTTTT,CCGCTCCGTCCGACGACTCACTATCATGCATCTTTTTTTTTTTTTTTTTTTTTTTTTTTTTTTTTTTTTTTAGCACAGCC,CTCTTTCATTGCAGTGCTGGTGAAGATCCTTACCGTTCTGTGTGTTGCTTATCGCCATGTTTAGCATGCTAACTTTACAA
f19baeae-6ed2-4932-b4e1-5eedaf6deac8,CCGCTCCGTCCGACGACTCACTATAGTG,AACACTAGTGAGTCGTCGGACGGAGCGG,5105,5130,GTT,CCCGCTTT,2,None,-,5131,primer_only_bad_spacer,CCGCTCCGTCCGACGACTCACTATAGTGNNNNNNNN,CCGCTCCGTCCGACGACTCACTAGTGTTCCCGCTTT,AAAGCGGGAACACTAGTGAGTCGTCGGACGGAGCGG,GGAAGATGGCCAGTAAAAGTAATACACACAGACAACGGTAGCAATTTCACCAGTGCTGCAGTAAAGCAGCCTGTTGGTGG,AAAGCTTGCCTTGAGTGCAAAAAAAAAAAAAAAAAAAAAAAAAAAAGCGGGAACACTAGTGAGTCGTCGGACGGAGCGGA
4269757f-56a0-4768-bec1-ec00265eb58c,CCGCTCCGTCCGACGACTCACTATAGTG,CCGCTCCGTCCGACGACTCACTATAGTA,0,25,GTA,AATAGCTC,None,None,+,5060,primer_only_bad_spacer,CCGCTCCGTCCGACGACTCACTATAGTGNNNNNNNN,CCGCTCCGTCCGACGACTCACTATAGTAAATAGCTC,CCGCTCCGTCCGACGACTCACTATAGTAAATAGCTC,CCGCTCCGTCCGACGACTCACTATAGTAAATAGCTCTTTTTTAGCACTCAAGGCAAGCTTTATTGAGGCTTTAAGCAGTG,CTGCCCTATGATTTTCTTTAATTCCTTATTCATAGATTCTACTACTCCTTGACTTTGGGGATTGTAGGGGATCCCAAATT
c9d3ce34-6ad7-47d9-ba35-beabc7f8985e,CCGCTCCGTCCGACGACTCACTATAGTG,CCGCTCCGTCCGACGACTCACTATATCA,0,25,TCA,TGGGCACG,None,None,+,5415,primer_only_bad_spacer,CCGCTCCGTCCGACGACTCACTATAGTGNNNNNNNN,CCGCTCCGTCCGACGACTCACTATATCATGGGCACG,CCGCTCCGTCCGACGACTCACTATATCATGGGCACG,CCGCTCCGTCCGACGACTCACTATATCATGGGCACGGGTTTTTTTTTTTTTTTTTTTTTTAAGCACTCAAGGCAAGCTTT,TCCCACTACAGGACATTCACACAACAGTCTTTAATTGGCATGGTGAAATTATACATTATATATATATACTTTCTGGGGCT
95dc775e-b17c-4da8-8772-c7d423432c16,CCGCTCCGTCCGACGACTCACTATAGTG,GAGCTACGTGAGTCGTCGGACGGAGCGG,5152,5177,CTC,TGCCGGGT,3,1,-,5178,primer_only_bad_spacer,CCGCTCCGTCCGACGACTCACTATAGTGNNNNNNNN,CCGCTCCGTCCGACGACTCACGTAGCTCTGCCGGGT,ACCCGGCAGAGCTACGTGAGTCGTCGGACGGAGCGG,TAAAGCTAGCAGGAAGATGGCCAGTAAAAGTAATACACACAGACAACGGTAGCAATTTCACCAGCACTGCAATGAAAGCA,AATAAAGCTTGCCTTGAGTGCTTAAAAAAAAAAAAAAAAAAAAACCCGGCAGAGCTACGTGAGTCGTCGGACGGAGCGGA
122687ac-6086-4b7c-9f51-41b22bc9dc34,CCGCTCCGTCCGACGACTCACTATAGTG,CGCTCTAGTGGGTCGTCGGACGGAGCGG,5117,5142,GCG,GCACAGCC,2,1,-,5143,primer_only_bad_spacer,CCGCTCCGTCCGACGACTCACTATAGTGNNNNNNNN,CCGCTCCGTCCGACGACCCACTAGAGCGGCACAGCC,GGCTGTGCCGCTCTAGTGGGTCGTCGGACGGAGCGG,GGAAGATGGCCAGTAAAAGTAATACACACAGACAACGGTAGCAATTTCACCAGCACTGCAATGAAAGCAGCCTGTTGGTG,AGCCTCAAAATGAGAGCGCCTTGAGTGCTTAAAAAAAAAAAAAGGCTGTGCCGCTCTAGTGGGTCGTCGGACGGAGCGGA
6efff860-2045-4469-8f19-00fe77a8eb23,CCGCTCCGTCCGACGACTCACTATAGTG,CCGCTCCGTCCGACGACTCACTATAGTC,0,25,GTC,AATGCCTA,None,None,+,861,primer_only_bad_spacer,CCGCTCCGTCCGACGACTCACTATAGTGNNNNNNNN,CCGCTCCGTCCGACGACTCACTATAGTCAATGCCTA,CCGCTCCGTCCGACGACTCACTATAGTCAATGCCTA,CCGCTCCGTCCGACGACTCACTATAGTCAATGCCTATTTTTTTTTTTTTTTTTTTTTTTTTTTTTTAAGCACTCAAGGCA,CCATGTTTATCTAGATCTTGAGATACTGCTCCTACTCCTTCTGCTGCTGGAGGAGTTTGTTCTTATTTTTTCCCTGACCA
26fb2104-30fa-4f06-9065-4df40d76318d,CCGCTCCGTCCGACGACTCACTATAGTG,CTATATAGTGAGTCGTCGGACGGAGCGG,5227,5252,TAG,TGCGAAGG,None,None,-,5253,primer_only_bad_spacer,CCGCTCCGTCCGACGACTCACTATAGTGNNNNNNNN,CCGCTCCGTCCGACGACTCACTATATAGTGCGAAGG,CCTTCGCACTATATAGTGAGTCGTCGGACGGAGCGG,GCTAGCAGGAAGATGGCCAGTAAAAGTAATACACACAGACAACGGTAGCAATTTCACCAGCACTGCAATGAAAGCAGCCT,AAAAAAAAAAAAAAAAAAAAAAAAAAAAAAAAAAAAAAAAAGTCCTTCGCACTATATAGTGAGTCGTCGGACGGAGCGGA
9af47f65-f881-49fc-b502-850e0cf07e14,CCGCTCCGTCCGACGACTCACTATAGTG,CCGCTCCGTCCGACGACTCACTATTAGT,0,25,AGT,GACAAAAC,1,None,+,5177,primer_only_bad_spacer,CCGCTCCGTCCGACGACTCACTATAGTGNNNNNNNN,CCGCTCCGTCCGACGACTCACTATTAGTGACAAAAC,CCGCTCCGTCCGACGACTCACTATTAGTGACAAAAC,CCGCTCCGTCCGACGACTCACTATTAGTGACAAAACCTTTTTTTTTTTTTTTTTTTTTTTTTTTTTTTTAAGCACTCAAG,AACAGGCTGCTTTCATTGCAGTGCTGGTGAAATTGCTACCGTTGTCTGTGTGTATTACTTTTACTGGCCATCTTCCTGCA
aabb714b-19a5-44c9-93f8-caf71fe3b2c3,CCGCTCCGTCCGACGACTCACTATAGTG,ACTATAAGTGAGTCGTCGGACGGAGCGG,5133,5158,AGT,GATCCGGC,2,None,-,5159,primer_only_bad_spacer,CCGCTCCGTCCGACGACTCACTATAGTGNNNNNNNN,CCGCTCCGTCCGACGACTCACTTATAGTGATCCGGC,GCCGGATCACTATAAGTGAGTCGTCGGACGGAGCGG,TAAAGTTAGCAGGGAGACCGGCCAGTAAAAGTAATACACACAGACAACGGTAGCAATTTCACCAGTGCTGCAGTCAAAGC,AAAAAAAAAAAAAAAAAAAAAAAAAAAAAAAAAAAAAAAAAAGGCCGGATCACTATAAGTGAGTCGTCGGACGGAGCGGA
6cc77d04-2ea8-4e87-a1d0-176e28a0c4c6,CCGCTCCGTCCGACGACTCACTATAGTG,AGACATAGTGAGTGGTCGGACGGAGCGG,10165,10190,TCT,AACTGCTT,2,1,-,10191,primer_only_bad_spacer,CCGCTCCGTCCGACGACTCACTATAGTGNNNNNNNN,CCGCTCCGTCCGACCACTCACTATGTCTAACTGCTT,AAGCAGTTAGACATAGTGAGTGGTCGGACGGAGCGG,ACCAGCTCCGTCCGACGACTCACTATAGTGCATCTTTTTTTTTTTTTTTTTTTTTTTTTTTTTTTTTTTTTTTTTTTTTT,AAAAAAAAAAAAAAAAAAAAAAAAAAAAAAAAAAAAAAAAAAAAAGCAGTTAGACATAGTGAGTGGTCGGACGGAGCGGA
b5d20aa3-0b5b-4741-8a51-8a399071059e,CCGCTCCGTCCGACGACTCACTATAGTG,CCGCTCCGTCCGACGACTCACTATAGTC,0,25,GTC,GGCCCGTT,None,None,+,4699,primer_only_bad_spacer,CCGCTCCGTCCGACGACTCACTATAGTGNNNNNNNN,CCGCTCCGTCCGACGACTCACTATAGTCGGCCCGTT,CCGCTCCGTCCGACGACTCACTATAGTCGGCCCGTT,CCGCTCCGTCCGACGACTCACTATAGTCGGCCCGTTTTTTTTTTTTTTTTTTTTTTTTTTTTTTTTTTTTTTTTTTTTTT,TCTACCTGCCACACAATCATCACCTGCCATCTGTTTTCCATAATCCCTAATGATCTTTGCTTTTCTTCTTGGTACTACTA
5e194d08-f554-4c59-8e4e-d35bb33c0694,CCGCTCCGTCCGACGACTCACTATAGTG,CCGCTCCGTCCGACGACTCACTATAGTC,0,25,GTC,AATAGATT,None,None,+,5169,primer_only_bad_spacer,CCGCTCCGTCCGACGACTCACTATAGTGNNNNNNNN,CCGCTCCGTCCGACGACTCACTATAGTCAATAGATT,CCGCTCCGTCCGACGACTCACTATAGTCAATAGATT,CCGCTCCGTCCGACGACTCACTATAGTCAATAGATTTTTTAAGCACTCAAGGCAAGCTTTATTGAGGCTTTAAGCAGTGG,GCTTTCATTGCAGTGCTGGTGAAATTGCTACCGTTGTCTGTGTGTATTACTTTTACTGGCCATCTTCCTGCTAACTTTTA
fc7fb461-5122-4d3a-9503-a6ba2c7b6ceb,CCGCTCCGTCCGACGACTCACTATAGTG,CCGCTCCGTCCGACGACTCACTATAATG,0,25,ATG,TAATCTGC,None,None,+,2758,primer_only_bad_spacer,CCGCTCCGTCCGACGACTCACTATAGTGNNNNNNNN,CCGCTCCGTCCGACGACTCACTATAATGTAATCTGC,CCGCTCCGTCCGACGACTCACTATAATGTAATCTGC,CCGCTCCGTCCGACGACTCACTATAATGTAATCTGCTTTTTTTTTTTTTTTTTTTAAGCACTCAAGGCAAGCTTTATTGA,AGACTTCCATTTAACAGCAATTGAGTTGATACCACTGGCTTAATTCCATGTGTGCATTGTACTGAGCTGACATTTTTACA
2d49e5d0-eacf-4d28-9896-2c5f22f90e4e,CCGCTCCGTCCGACGACTCACTATAGTG,CCGCTCCGTCTGACGACTCACTACTACT,0,25,ACT,ATTATTGA,3,1,+,2259,primer_only_bad_spacer,CCGCTCCGTCCGACGACTCACTATAGTGNNNNNNNN,CCGCTCCGTCTGACGACTCACTACTACTATTATTGA,CCGCTCCGTCTGACGACTCACTACTACTATTATTGA,CCGCTCCGTCTGACGACTCACTACTACTATTATTGATTGATACTAGATCAAGCTTATAAAAAAGTGCATGGACTTGCTGC,GCTTTGACTGCAGCACTGGTGAAATTGCTACCGTTGTCTGTGTGTATTACTTTTACTGGCCATCTTCCTGCTAGCTTTAA
6264fdbc-e3d4-439b-bd53-f8a6c3c86935,CCGCTCCGTCCGACGACTCACTATAGTG,CCGCTCCGTCCGACGACTCACTATAGTC,0,25,GTC,AATCAGAT,None,None,+,5177,primer_only_bad_spacer,CCGCTCCGTCCGACGACTCACTATAGTGNNNNNNNN,CCGCTCCGTCCGACGACTCACTATAGTCAATCAGAT,CCGCTCCGTCCGACGACTCACTATAGTCAATCAGAT,CCGCTCCGTCCGACGACTCACTATAGTCAATCAGATTTTTTTTTTTTTTTTAAGCACTCAAGGCAAGCTTTATTGAGGCT,GCTGCTTTCATTGCAGTGCTGGTGAAATTGCTACCGTTGTCTGTGTGTATTACTTTTACTGGCCATCTTCCTGCTAACTA
835d7abf-b2ae-4fb8-8a7c-9c17941abaf0,CCGCTCCGTCCGACGACTCACTATAGTG,AGCTATAGTGAGTCGTCGGACGGAGCGG,5139,5164,GCT,GACCGGCT,None,None,-,5165,primer_only_bad_spacer,CCGCTCCGTCCGACGACTCACTATAGTGNNNNNNNN,CCGCTCCGTCCGACGACTCACTATAGCTGACCGGCT,AGCCGGTCAGCTATAGTGAGTCGTCGGACGGAGCGG,TAGCAGGAAGATGGCCAGTAAAAGTAATACACACAGACAACGGTAGCAATTTCACCAGCACTGCAATGAAAGCAGCCTGT,CCACTGCTTAAAGCCTCAATAAAGCTTGCCTTGAGTGCTTAAAAGCCGGTCAGCTATAGTGAGTCGTCGGACGGAGCGGA
43155394-f0ba-4b32-b2cf-377683e2d7c0,CCGCTCCGTCCGACGACTCACTATAGTG,CCACTACGTGAGTCGTCGGACGGAGCGG,7673,7698,TGG,TAAAGAGT,3,1,-,7699,primer_only_bad_spacer,CCGCTCCGTCCGACGACTCACTATAGTGNNNNNNNN,CCGCTCCGTCCGACGACTCACGTAGTGGTAAAGAGT,ACTCTTTACCACTACGTGAGTCGTCGGACGGAGCGG,AGTGTACATATAGGACCAGGACAAGTATTCTATAGAACAGGAGAAATAATAGGAGATATAAGAAAAGCATATTGTGAAAT,CTCAATAAAGCTTGCCTTGAGTGCAAAAAAAAAAAAAAAAAAAACTCTTTACCACTACGTGAGTCGTCGGACGGAGCGGA
828c1fcc-054a-4a6c-8d6b-f6dd9f9f63b0,CCGCTCCGTCCGACGACTCACTATAGTG,CGCTCTAGTGAGTCGTCGGACGGAGCGG,10279,10304,GCG,TCTTGCCT,1,None,-,10305,primer_only_bad_spacer,CCGCTCCGTCCGACGACTCACTATAGTGNNNNNNNN,CCGCTCCGTCCGACGACTCACTAGAGCGTCTTGCCT,AGGCAAGACGCTCTAGTGAGTCGTCGGACGGAGCGG,CCGCTCGTCCGACGACTCACTATAGTGACCACCAGTTTTTTTTTTTTTTTTTTTTTTTTTTTTTTTTTTTTTTGCACTCA,AAAAAAAAAAAAAAAAAAAAAAAAAAAAAAAAAAAAAAAAAAAAGGCAAGACGCTCTAGTGAGTCGTCGGACGGAGCGGA
d2e19376-9bed-4efb-9fb8-9b94d3eccea8,CCGCTCCGTCCGACGACTCACTATAGTG,CCGCTCCGTCCGACGACTCACCACTATA,0,25,ATA,GTGCCGCA,3,1,+,5204,primer_only_bad_spacer,CCGCTCCGTCCGACGACTCACTATAGTGNNNNNNNN,CCGCTCCGTCCGACGACTCACCACTATAGTGCCGCA,CCGCTCCGTCCGACGACTCACCACTATAGTGCCGCA,CCGCTCCGTCCGACGACTCACCACTATAGTGCCGCATCTTTTTTTTTTTTTTTTTTTTTTTTTTTTTTTTTTTTTTTTAA,TGCTTTCATTGCAGTGCTGGTGAAATTGCTACCGTTGTCTGTGTGTATTACTTTTACTGGCCATCTTCCTGCTAGCTTAA
508976d0-22d9-4bb8-bc56-697903d4b98e,CCGCTCCGTCCGACGACTCACTATAGTG,CCGCTCCGTCCGACGACTCACCATTATA,0,25,ATA,GTGTCGCC,2,1,+,5191,primer_only_bad_spacer,CCGCTCCGTCCGACGACTCACTATAGTGNNNNNNNN,CCGCTCCGTCCGACGACTCACCATTATAGTGTCGCC,CCGCTCCGTCCGACGACTCACCATTATAGTGTCGCC,CCGCTCCGTCCGACGACTCACCATTATAGTGTCGCCAGCTTTTTTTTTTTTTAAGCACTCAAGGCAAGCTTTATTGAGGC,GCTTTCATTGCAGTGCTGGTGAAATTGCTACCGTTGTCTGTGTGTATTACTTTTACTGGCCATCTTCCTGCTAACTTTAA
076d35f4-0885-4f45-a6ca-daf7d41a645a,CCGCTCCGTCCGACGACTCACTATAGTG,CCGCTCCGTCCGACGACTCACTATAGTA,0,25,GTA,CCAGCCAT,None,None,+,5084,primer_only_bad_spacer,CCGCTCCGTCCGACGACTCACTATAGTGNNNNNNNN,CCGCTCCGTCCGACGACTCACTATAGTACCAGCCAT,CCGCTCCGTCCGACGACTCACTATAGTACCAGCCAT,CCGCTCCGTCCGACGACTCACTATAGTACCAGCCATTTTTTTTTTTTTTTTTTTTTTAAGCACTCAAGGCAAGCTTTATT,CTGCCCTATGATTTTCTTTAATTCCTTATTCATAGATTCTACTACTCCTTGACTTTGGGGATTGTAGGGGATCCCAAATT
744442bb-9a8d-400a-b676-5b42244165c8,CCGCTCCGTCCGACGACTCACTATAGTG,TACACTAGTGAGTCGTCGGACGGAGCGG,5159,5184,GTA,TTATTTTT,2,None,-,5185,primer_only_bad_spacer,CCGCTCCGTCCGACGACTCACTATAGTGNNNNNNNN,CCGCTCCGTCCGACGACTCACTAGTGTATTATTTTT,AAAAATAATACACTAGTGAGTCGTCGGACGGAGCGG,TAAAGCTAGCAGGAAGATGGCCAGTAAAAGTAATACACACAGACAACGGTAGCAATTTCACCAGCACTGCAATGAAAGCA,AATAAAGCTTGCCTTGAGTGAAAAAAAAAAAAAAAAAAAAAAAAAAAATAATACACTAGTGAGTCGTCGGACGGAGCGGA
13a1af28-1cc7-4b06-af5c-c7fc8072a6c8,CCGCTCCGTCCGACGACTCACTATAGTG,CCGCTCCGTCCGACAACTCACTCTATAG,0,25,TAG,TGCGAGCT,2,1,+,5042,primer_only_bad_spacer,CCGCTCCGTCCGACGACTCACTATAGTGNNNNNNNN,CCGCTCCGTCCGACAACTCACTCTATAGTGCGAGCT,CCGCTCCGTCCGACAACTCACTCTATAGTGCGAGCT,CCGCTCCGTCCGACAACTCACTCTATAGTGCGAGCTTTTTTTTTTTTTTTTTTTAACGCTTGGCAAGCTTTATTGAGGCT,CCTGCCTGTACCCCCCAATCCCCCCTTTCTCTAATTGTGAATGAATACTGCCAGTACTGCTGTCCTAAGGTGTGCAGCTT
4dc35a19-b54e-493f-9079-85a074475f7f,CCGCTCCGTCCGACGACTCACTATAGTG,CCGCTCCGTCCGACGACTCACTATAAGT,7,32,AGT,GTCGTTAA,None,None,+,14140,primer_only_bad_spacer,CCGCTCCGTCCGACGACTCACTATAGTGNNNNNNNN,CCGCTCCGTCCGACGACTCACTATAAGTGTCGTTAA,CCGCTCCGTCCGACGACTCACTATAAGTGTCGTTAA,GACACCTCCGCTCCGTCCGACGACTCACTATAAGTGTCGTTAATTTTTTTTTTTTAGCACTCAAGGCAAGCTTTATTCAC,GGTGTCATTACATATACTTTAGTACTTACTGCTCTGGTATATGATTTTGATGATCTTTGCTGCTTGGATGATTTCCTCGT
a0e8c564-a7fb-489d-815d-7b6984499f52,CCGCTCCGTCCGACGACTCACTATAGTG,CCGCTCCGTCCGACGACTCACTATCACT,0,25,ACT,GTGACCAC,1,None,+,20148,primer_only_bad_spacer,CCGCTCCGTCCGACGACTCACTATAGTGNNNNNNNN,CCGCTCCGTCCGACGACTCACTATCACTGTGACCAC,CCGCTCCGTCCGACGACTCACTATCACTGTGACCAC,CCGCTCCGTCCGACGACTCACTATCACTGTGACCACTTTTTTTTTTTTTTTTTTTTTTAGCACTCAAGGCAAGCTTTCTG,TTTCATCCAAGTGCTGGTGAAATTGCTACCATTTGTCTGTGTGTTATTTCTTTTACTGGCCATCTTCCTGCTTTCTTTAA
293adcae-b573-4c7f-984f-289fbea092e5,CCGCTCCGTCCGACGACTCACTATAGTG,CCGCTCCGTCCGACGACTCACTATGCAT,0,25,CAT,CAATGGGG,1,None,+,5078,primer_only_bad_spacer,CCGCTCCGTCCGACGACTCACTATAGTGNNNNNNNN,CCGCTCCGTCCGACGACTCACTATGCATCAATGGGG,CCGCTCCGTCCGACGACTCACTATGCATCAATGGGG,CCGCTCCGTCCGACGACTCACTATGCATCAATGGGGTTTTTTTTTTTTTTTTTTTTTTTTTTTTTAAGCACTCAAGGCAA,ACCTGCCCTATGATTTTCTTTAATTCCTTATTCATAGATTCTACTACTCCTTGACTTTGGGGATTGTAGGGATGCAAATT
910fd062-907f-41bc-b21e-4bdcb1ce4d5e,CCGCTCCGTCCGACGACTCACTATAGTG,CCGCTCCGTCCGACGACTCGCTGGTGCC,0,25,GCC,CCCCGGGT,4,1,+,5088,primer_only_bad_spacer,CCGCTCCGTCCGACGACTCACTATAGTGNNNNNNNN,CCGCTCCGTCCGACGACTCGCTGGTGCCCCCCGGGT,CCGCTCCGTCCGACGACTCGCTGGTGCCCCCCGGGT,CCGCTCCGTCCGACGACTCGCTGGTGCCCCCCGGGTTTTTTTTTTTTTTTTTTTTTTTTTTTTTTTTTTTTTTTTTAAGC,CTGCCCTTATGATTTTCTTTAATTCCTTATTCATAGATTCTACTACTCCTTGACTTTGGGGATTGTAGGGGATCCCAATT
8899ff8f-6f2b-44bc-9ea1-c810d0a94c24,CCGCTCCGTCCGACGACTCACTATAGTG,CCGCTCCGTCCGACGACTCACTATAAGT,0,25,AGT,GCGAAGGA,None,None,+,5109,primer_only_bad_spacer,CCGCTCCGTCCGACGACTCACTATAGTGNNNNNNNN,CCGCTCCGTCCGACGACTCACTATAAGTGCGAAGGA,CCGCTCCGTCCGACGACTCACTATAAGTGCGAAGGA,CCGCTCCGTCCGACGACTCACTATAAGTGCGAAGGACTTTTTTTTTTTTTTTTTTTTTTTTTTTTTTTTTTTTTTTTTTT,CCTGCCCTATGATTTTCTTTAATTCCTTATTCATAGATTCTACTACTCCTTGACTTTGGGGATTGTAGGGATGCCAAATT
f992fee5-3a26-4188-826c-28fd18b672fa,CCGCTCCGTCCGACGACTCACTATAGTG,CCGCTCCGTCCGACGACTCACTATCATG,1,26,ATG,TTCAGCTC,1,None,+,5005,primer_only_bad_spacer,CCGCTCCGTCCGACGACTCACTATAGTGNNNNNNNN,CCGCTCCGTCCGACGACTCACTATCATGTTCAGCTC,CCGCTCCGTCCGACGACTCACTATCATGTTCAGCTC,TCCGCTCCGTCCGACGACTCACTATCATGTTCAGCTCTTTTTTTTTTTTTTAAGCACTCAAGGCAAGCTTTATTTGAGGC,TTGCTTACCTGCCCTATCAGTTTCTTCGCCTCCTTGAGTGGGTTCTTGCTACTCCTTGACTTTGGGGATTGTAGGGGATC
b931d90d-5e69-482f-b110-c171d604c61d,CCGCTCCGTCCGACGACTCACTATAGTG,CCGCTCCGTCCGACGACTCACTATCCGA,0,25,CGA,GTTGGAGC,1,None,+,5084,primer_only_bad_spacer,CCGCTCCGTCCGACGACTCACTATAGTGNNNNNNNN,CCGCTCCGTCCGACGACTCACTATCCGAGTTGGAGC,CCGCTCCGTCCGACGACTCACTATCCGAGTTGGAGC,CCGCTCCGTCCGACGACTCACTATCCGAGTTGGAGCTTGGTTTTTTTTTTTTTTTTTTTTTTTTTTTTTTAAGCATCAAG,CCTGCCCTATGATTTTCTTTAATTCCTTATTCATAGATTCTACTCTCCTTTGACTTTGGGGATTGTGGGGATCCCAAATT
334cb09e-0814-4097-b188-a10776c7cc44,CCGCTCCGTCCGACGACTCACTATAGTG,CTCTATAGTGAGTCGTCGGACGGAGCGG,10308,10333,GAG,TAACTGTT,None,None,-,10334,primer_only_bad_spacer,CCGCTCCGTCCGACGACTCACTATAGTGNNNNNNNN,CCGCTCCGTCCGACGACTCACTATAGAGTAACTGTT,AACAGTTACTCTATAGTGAGTCGTCGGACGGAGCGG,TAAAGTTAGCAGGAAGATGGCCAGTAAAAGTAATACACACAGACAACGGTAGCAATTTCACCAGCACTGCAATGAAAGCA,CAATAAAGCTTGCCTTGAGTGCTTAAAAAAAAAAAAAAAAAAAAACAGTTACTCTATAGTGAGTCGTCGGACGGAGCGGA
532bb80e-86a2-4c9c-89c7-653a07098861,CCGCTCCGTCCGACGACTCACTATAGTG,CCGCTCCGTCCGACGACTCACTGTCATC,0,25,ATC,ACAGCTTT,2,None,+,1681,primer_only_bad_spacer,CCGCTCCGTCCGACGACTCACTATAGTGNNNNNNNN,CCGCTCCGTCCGACGACTCACTGTCATCACAGCTTT,CCGCTCCGTCCGACGACTCACTGTCATCACAGCTTT,CCGCTCCGTCCGACGACTCACTGTCATCACAGCTTTTTTTTTTTTTAAGCACTCGAGCAGAACTTGAGGCTCAGCAGTGG,CAAATCTCTTCAAAAGTTTTATTACTCCAGGAGGAGTTTCCAGGGCACAGCAGTGGTGCAGATGATTTTTCCAGAGCAGC
2dfcce47-7617-4131-a34a-99e4c11f92af,CCGCTCCGTCCGACGACTCACTATAGTG,CGCTCTAGTGAGTCGTCGGACGGAGCGG,9925,9950,GCG,TTCAGCTC,1,None,-,9951,primer_only_bad_spacer,CCGCTCCGTCCGACGACTCACTATAGTGNNNNNNNN,CCGCTCCGTCCGACGACTCACTAGAGCGTTCAGCTC,GAGCTGAACGCTCTAGTGAGTCGTCGGACGGAGCGG,CCGCTCCGTCCAACGACCCACTATAGTGCGACGAGTTTTTTTTTTTTTTTTTTTTTTTTTTTTAAGCACTCAAGGCAAGC,AAAAAAAAAAAAAAAAAAAAAAAAAAAAAAAAAAAAAAAAAAAGAGCTGAACGCTCTAGTGAGTCGTCGGACGGAGCGGA
e8888199-fa92-43ac-a2c3-963f19da863a,CCGCTCCGTCCGACGACTCACTATAGTG,CCGCTCCGTCCGACGACTCACTATGGTC,0,25,GTC,AACGGCTT,1,None,+,30982,primer_only_bad_spacer,CCGCTCCGTCCGACGACTCACTATAGTGNNNNNNNN,CCGCTCCGTCCGACGACTCACTATGGTCAACGGCTT,CCGCTCCGTCCGACGACTCACTATGGTCAACGGCTT,CCGCTCCGTCCGACGACTCACTATGGTCAACGGCTTCTTTTTTTTTTTTTTTTTTTTTTAAGCACTCAAGGCAAGCTTTA,AAAAAAAAAAAAAAAAAAAAAAAAAAAAAAAAAAAAAAAAAAACTCGTCGCACTATAGTGAGTCATCAGGACGGAGCGGA
cb08dc72-848d-41a5-a6ab-54fa251d67e2,CCGCTCCGTCCGACGACTCACTATAGTG,CCGCTCCGTCCGACGACTCACTATAAGT,0,25,AGT,GTCGTTAA,None,None,+,5168,primer_only_bad_spacer,CCGCTCCGTCCGACGACTCACTATAGTGNNNNNNNN,CCGCTCCGTCCGACGACTCACTATAAGTGTCGTTAA,CCGCTCCGTCCGACGACTCACTATAAGTGTCGTTAA,CCGCTCCGTCCGACGACTCACTATAAGTGTCGTTAATTTTTTTTTTAGCACTCAAGGCAAGCTTTATTGAGGCTTTAAGC,TGCTTTCATTGCAGTGCTGGTGAAATTGCTACCGTTGTCTGTGTGTATTACTTTTACTGGCCATCTTAGTTCTAATTTTA
64b4a7e4-a560-4cd9-87d0-c16d9400652e,CCGCTCCGTCCGACGACTCACTATAGTG,CCGCTCCGTCCGACGACTCACTATAAGT,0,25,AGT,GTCGTTAA,None,None,+,5026,primer_only_bad_spacer,CCGCTCCGTCCGACGACTCACTATAGTGNNNNNNNN,CCGCTCCGTCCGACGACTCACTATAAGTGTCGTTAA,CCGCTCCGTCCGACGACTCACTATAAGTGTCGTTAA,CCGCTCCGTCCGACGACTCACTATAAGTGTCGTTAATTTTTTTTTTTTTTTTTTTTTAGCACTCAAGGCAAGCTTTATTG,TGCCCTATGATTTTCTTTAATTCCTTATTCATAGATTCTACTACTCCTTGACTTTGGGGATTGTCAGGGGATCCCAAATT
49189cda-ab91-41d3-9be1-c6a4707ad0ec,CCGCTCCGTCCGACGACTCACTATAGTG,ACCACTAGTGAGTCGTCGGACGGAGCGG,5151,5176,GGT,CCGGGATT,2,None,-,5177,primer_only_bad_spacer,CCGCTCCGTCCGACGACTCACTATAGTGNNNNNNNN,CCGCTCCGTCCGACGACTCACTAGTGGTCCGGGATT,AATCCCGGACCACTAGTGAGTCGTCGGACGGAGCGG,GTTAGCAGGAAGATGGCCAGTAAAAGTAATACACACAGACAACGGTAGCAATTTCACCAGCACTGCAATGGAAGCAAGCC,AAAAAAAAAAAAAAAAAAAAAAAAAAAAAAAAAAAAAAAAAAAAATCCCGGACCACTAGTGAGTCGTCGGACGGAGCGGA
a649ad59-41e5-48fa-9b15-c4fe6d6d757c,CCGCTCCGTCCGACGACTCACTATAGTG,GCTTATAGTGAGTCGTCGGACGGAGCGG,2175,2200,AGC,GTGCCTTC,None,None,-,2201,primer_only_bad_spacer,CCGCTCCGTCCGACGACTCACTATAGTGNNNNNNNN,CCGCTCCGTCCGACGACTCACTATAAGCGTGCCTTC,GAAGGCACGCTTATAGTGAGTCGTCGGACGGAGCGG,GGAGTAGGACAAGCAATGTATGCTCCTCCCATCAAGGGAGTTATTAAGTGTGTATCAAATATTACAGGAATACTGTTGAC,GCTTAAAGCCTCAATAAAGCTTGCCTTGAGTGCTTAAAAAAAAGAAGGCACGCTTATAGTGAGTCGTCGGACGGAGCGGA
a26264ab-6a23-4d2e-a9d4-6c1dd7de8839,CCGCTCCGTCCGACGACTCACTATAGTG,CCGCTCCGTCCGACGACTCACTATCATG,0,25,ATG,CTTCAGGG,1,None,+,5088,primer_only_bad_spacer,CCGCTCCGTCCGACGACTCACTATAGTGNNNNNNNN,CCGCTCCGTCCGACGACTCACTATCATGCTTCAGGG,CCGCTCCGTCCGACGACTCACTATCATGCTTCAGGG,CCGCTCCGTCCGACGACTCACTATCATGCTTCAGGGTTTTTTTTTTTTTTTTTTTTTTTTTTTTTTTTTTTCACTCAAGG,CTGCCCTATGATTTTCTTTAATTCCTTATTCATAGATTCTACTACTCCTTGACTTTGGGGATTGTAGGGGATCCCAAATT
94b12882-b0b2-4f35-b62b-0f8a35a6fbcb,CCGCTCCGTCCGACGACTCACTATAGTG,CGCTATAGTGAGTCGTCGGACGGAGCGG,10243,10268,GCG,CCCTATAT,None,None,-,10269,primer_only_bad_spacer,CCGCTCCGTCCGACGACTCACTATAGTGNNNNNNNN,CCGCTCCGTCCGACGACTCACTATAGCGCCCTATAT,ATATAGGGCGCTATAGTGAGTCGTCGGACGGAGCGG,CCGCTTAGTCCGACGACTCACTATAGTGACCGGCTTTTTTTTTTTTTTTTTTTTTAAGCACTCAAGGCAAGCTTTATTGA,CCTTGCCTTGAGTGCTTAAAAAAAAAAAAAAAAAAAAAAAAAGATATAGGGCGCTATAGTGAGTCGTCGGACGGAGCGGA
4dea40ce-fc18-488e-a88b-e00792569307,CCGCTCCGTCCGACGACTCACTATAGTG,CCGCTCCGTCCGACGACTCACTAGTGAT,0,25,GAT,TTCACTTT,2,None,+,5111,primer_only_bad_spacer,CCGCTCCGTCCGACGACTCACTATAGTGNNNNNNNN,CCGCTCCGTCCGACGACTCACTAGTGATTTCACTTT,CCGCTCCGTCCGACGACTCACTAGTGATTTCACTTT,CCGCTCCGTCCGACGACTCACTAGTGATTTCACTTTTTTTTTTTTTAAGCACTCAAGGCAAGCTTTATTGAGGCTTTAAG,GCTGCTTTCATTGCAGTGCTGGTGAAATTGCTACCGTTGTCTGTGTGTATTACTTTTACTGGCCATCTTCCTGCTAATTA
630928d8-08fe-4f37-9ebf-b1d4c98797a9,CCGCTCCGTCCGACGACTCACTATAGTG,CCGCTCCGTCCGACGACTCACTATAGTC,0,25,GTC,GTCCGGAT,None,None,+,5102,primer_only_bad_spacer,CCGCTCCGTCCGACGACTCACTATAGTGNNNNNNNN,CCGCTCCGTCCGACGACTCACTATAGTCGTCCGGAT,CCGCTCCGTCCGACGACTCACTATAGTCGTCCGGAT,CCGCTCCGTCCGACGACTCACTATAGTCGTCCGGATTTTTTTTTTTTTTTTAAGCACTCAAGGCAAGCTCTTATTGAGGC,AGGCTGCTTTCATTGCAGTGCTGGTGAAATTGCTACCAGTTGTCTGTGTGTGTACCTCGCAGTGTTCACCTGTAATTTTA
19d37e38-e905-4ac7-9249-765021113850,CCGCTCCGTCCGACGACTCACTATAGTG,CCGCTCCGTCCGACGACTCACTATCATG,0,25,ATG,TCGCCAAA,1,None,+,4152,primer_only_bad_spacer,CCGCTCCGTCCGACGACTCACTATAGTGNNNNNNNN,CCGCTCCGTCCGACGACTCACTATCATGTCGCCAAA,CCGCTCCGTCCGACGACTCACTATCATGTCGCCAAA,CCGCTCCGTCCGACGACTCACTATCATGTCGCCAAATTTTTTTTTTTTTTTTTTTTTTTTTTTTTTTTTTTTTTTTTTTA,GCCCAGGAAAGTGTCTAACAGCTTCATTTTTAAGCTCTTCTAACAGCTCTAATGTCCATTCATTGTGGGGTTTTCTCTGT
44a16b73-6cf9-41b9-9e63-fec9e7fda22e,CCGCTCCGTCCGACGACTCACTATAGTG,ACACTACGTGAGTCGTCGGACGGAGCGG,5110,5135,TGT,TCCACCAT,3,1,-,5136,primer_only_bad_spacer,CCGCTCCGTCCGACGACTCACTATAGTGNNNNNNNN,CCGCTCCGTCCGACGACTCACGTAGTGTTCCACCAT,ATGGTGGAACACTACGTGAGTCGTCGGACGGAGCGG,GCAGGAAGATGGCCAGTAAAAGTAATACACACAGACAACGGTAGCAATTTCACCAGTGCTGCAGTCAAAGCAGCCTGTTG,CTGGATAAAGCTGCCTTGAGATTGCAAAAAAAAAAAAAAAAAAATGGTGGAACACTACGTGAGTCGTCGGACGGAGCGGA
6d6f6a65-ef68-4640-8e58-34842985be2a,CCGCTCCGTCCGACGACTCACTATAGTG,CTATAGAGTGAGTCGTCGGACGGAGCGG,4194,4219,TAG,TGCACAGA,1,None,-,4220,primer_only_bad_spacer,CCGCTCCGTCCGACGACTCACTATAGTGNNNNNNNN,CCGCTCCGTCCGACGACTCACTCTATAGTGCACAGA,TCTGTGCACTATAGAGTGAGTCGTCGGACGGAGCGG,GATGGAACAAGCCCCAGAAGATCAGGGCCCACAGAGAGAACCCCACAATGAATGGACATTAGAGCTGTTAGAAGAGCTTA,AAAAAAAAAAAAAAAAAAAAAAAAAAAAAAAAAAAAAAAAAAGTCTGTGCACTATAGAGTGAGTCGTCGGACGGAGCGGA
90aa34e6-cf44-4481-aa7c-f39c53c4ac4a,CCGCTCCGTCCGACGACTCACTATAGTG,CCGCTCCGTCCGACGACTCACTATGAGT,0,25,AGT,CGTTCACT,1,None,+,6594,primer_only_bad_spacer,CCGCTCCGTCCGACGACTCACTATAGTGNNNNNNNN,CCGCTCCGTCCGACGACTCACTATGAGTCGTTCACT,CCGCTCCGTCCGACGACTCACTATGAGTCGTTCACT,CCGCTCCGTCCGACGACTCACTATGAGTCGTTCACTTTAAGCACTCAAGGCAAGCTTTATTGAGGCTTTAAGCAGTGGGT,CTATAGAAAGCACAGCAAAAATTATTCTTAAACCTATTAAACCTCCTACTATCATTATAAATATTTTTATATACCACAGC
6534cbba-90db-4d1c-ab69-6c3693c8395a,CCGCTCCGTCCGACGACTCACTATAGTG,CCGCTCCGTCCGACAACTCACTATCATG,1,26,ATG,AATCCGAT,2,1,+,4605,primer_only_bad_spacer,CCGCTCCGTCCGACGACTCACTATAGTGNNNNNNNN,CCGCTCCGTCCGACAACTCACTATCATGAATCCGAT,CCGCTCCGTCCGACAACTCACTATCATGAATCCGAT,CCCGCTCCGTCCGACAACTCACTATCATGAATCCGATTTTTTAAGCACTCAAGGCAAGCTTTATTGAGGCTTTAAGCAGT,GATGTTTATAAACCCACTCTTTAGCTTTCCTTGAGATATACATATGATGTTTTACTAAACTGTTCCATGTTTTAATCCTA
d33fbad7-9e40-44e7-abf2-6a5a0c9c8893,CCGCTCCGTCCGACGACTCACTATAGTG,CCGCTCCGTCCGACGACTCACTATCGTC,0,25,GTC,GAGTAAGG,1,None,+,5191,primer_only_bad_spacer,CCGCTCCGTCCGACGACTCACTATAGTGNNNNNNNN,CCGCTCCGTCCGACGACTCACTATCGTCGAGTAAGG,CCGCTCCGTCCGACGACTCACTATCGTCGAGTAAGG,CCGCTCCGTCCGACGACTCACTATCGTCGAGTAAGGGTTTTTTTTTTTTTTTTTTTTTTTTTTTTTTTTTTTTTTTTTTT,GCTGCTTTGACTGCAGCACTGGTGAAATTGCTACCGTTGTCTGTGTGTATTACTTTTACTGGCCATCTTCCTGCTAGCTA
b19f3bfe-31c3-4af2-9a88-59d34fee4f46,CCGCTCCGTCCGACGACTCACTATAGTG,CACCTCCGTCCGACGACTCACTCTGTCA,0,25,TCA,TCTAGGGT,4,None,+,5179,primer_only_bad_spacer,CCGCTCCGTCCGACGACTCACTATAGTGNNNNNNNN,CACCTCCGTCCGACGACTCACTCTGTCATCTAGGGT,CACCTCCGTCCGACGACTCACTCTGTCATCTAGGGT,CACCTCCGTCCGACGACTCACTCTGTCATCTAGGGTTTTTTTTTTTTTTTTTTTTTTTTTTTTCACTCAAGGCAGAGCTC,CAACAGGCTGCTTTCATTGCAGTGCTGGTGAAATTGCTACCGTTGTATTACTTTTACTGGCCATCTTCCTGCTAGTTTTA
7bc74590-dbed-4ff6-b09d-eb79fcbbb1ef,CCGCTCCGTCCGACGACTCACTATAGTG,CCGCTCCGTCCGACGACTCACTGTGTCA,0,25,TCA,CGCCATTT,2,None,+,5146,primer_only_bad_spacer,CCGCTCCGTCCGACGACTCACTATAGTGNNNNNNNN,CCGCTCCGTCCGACGACTCACTGTGTCACGCCATTT,CCGCTCCGTCCGACGACTCACTGTGTCACGCCATTT,CCGCTCCGTCCGACGACTCACTGTGTCACGCCATTTTTTTTTTTTTTTTTTTTTTTTTTTTTTTTTTTTGCACTCAAGGC,GCTTTGACTGCAGCACTGGTGAAATTGCTACCGTTGTCTGTGTGTATTACTTTTACTGGCCATCTTCCTGCTAGTTTTAA
062685fa-4853-4f8b-8a73-a5a94c3a4746,CCGCTCCGTCCGACGACTCACTATAGTG,ATCGTGAGTCAGTCGTCGGACGGAGCGG,5133,5158,GAT,AGTGGAGC,4,1,-,5159,primer_only_bad_spacer,CCGCTCCGTCCGACGACTCACTATAGTGNNNNNNNN,CCGCTCCGTCCGACGACTGACTCACGATAGTGGAGC,GCTCCACTATCGTGAGTCAGTCGTCGGACGGAGCGG,GCAGGAAGATGGCCAGTAAAAGTAATACACACAGACAACGGTAGCAATTTCACCAGCACTGCAATGAAAGCAGCCTGTTG,AAAAAAAAAAAAAAAAAAAAAAAAAAAAAAAAAAAAAAACCAAGCTCCACTATCGTGAGTCAGTCGTCGGACGGAGCGGA
e17e193c-2b07-4ebb-86c7-4481c5a6fc9d,CCGCTCCGTCCGACGACTCACTATAGTG,ACTATAAGTGAGTCGTCGGACGGAGCGG,5138,5163,AGT,GGCAGGAC,2,None,-,5164,primer_only_bad_spacer,CCGCTCCGTCCGACGACTCACTATAGTGNNNNNNNN,CCGCTCCGTCCGACGACTCACTTATAGTGGCAGGAC,GTCCTGCCACTATAAGTGAGTCGTCGGACGGAGCGG,GGAAGATGGCCAGTAAAAGTCAATATCACACAGACAACGGTAGCAATTTCACCAGCACTGCAATGAAAGCAGCCTGTTGG,GCCTCAATAAAGCTTGCCTTAGAATACTAAAAAAAAAAAAAAAGTCCTGCCACTATAAGTGAGTCGTCGGACGGAGCGGA
e12468c8-4225-4ef1-95df-e8437037cb2c,CCGCTCCGTCCGACGACTCACTATAGTG,CCGCTCCGTCCGACGACTCACTATCATG,0,25,ATG,CCCGATTT,1,None,+,15385,primer_only_bad_spacer,CCGCTCCGTCCGACGACTCACTATAGTGNNNNNNNN,CCGCTCCGTCCGACGACTCACTATCATGCCCGATTT,CCGCTCCGTCCGACGACTCACTATCATGCCCGATTT,CCGCTCCGTCCGACGACTCACTATCATGCCCGATTTTTTAAGCACTCAAGGCAAGCTTTATTGAGGCTTTAAGCAGTGGG,TGCTTTCATTGCAGTGCTGGTGAAATTGCTACCGTTGTCTGTGTGTATTACTTTTACTGGCCATCTTCCTGCTAACTTTA
64a6a29a-db5b-4dd1-ac87-26c16694637b,CCGCTCCGTCCGACGACTCACTATAGTG,CCGCTCCGTCCGACGACTCGCTGTAGTC,0,25,GTC,CCGGCCGT,2,1,+,5170,primer_only_bad_spacer,CCGCTCCGTCCGACGACTCACTATAGTGNNNNNNNN,CCGCTCCGTCCGACGACTCGCTGTAGTCCCGGCCGT,CCGCTCCGTCCGACGACTCGCTGTAGTCCCGGCCGT,CCGCTCCGTCCGACGACTCGCTGTAGTCCCGGCCGTTTTTTTTTTTTTTTAAGCACTCAAGGCAAGCTTTATTGAGGCTT,TGCTTCATTGCAGTGCTGGTGAAATTGCTACCGTTGTCTGTGTGTATTACTTTTACTGGCCATCTTCCTGCTAACTTTAA
0206ae56-10ad-47d9-aa59-be6aa33aa895,CCGCTCCGTCCGACGACTCACTATAGTG,CCGCTCCGTCCGACGACTCACTATAATA,0,25,ATA,CTCACAAT,None,None,+,15541,primer_only_bad_spacer,CCGCTCCGTCCGACGACTCACTATAGTGNNNNNNNN,CCGCTCCGTCCGACGACTCACTATAATACTCACAAT,CCGCTCCGTCCGACGACTCACTATAATACTCACAAT,CCGCTCCGTCCGACGACTCACTATAATACTCACAATATTTTTTTTTTTTTTTTTTTTTTTAAGCACTCAAGGCAAGCTTT,CAGGCTGCTTTCATTGCAGTGCTGGTGAAATTGCTACCGTTGTCTGTGTGTATTACTTTTACTGGCCATCTTCCTGCTAA
156eb312-96c5-4aa1-a1e9-54941b01dad5,CCGCTCCGTCCGACGACTCACTATAGTG,CCGCTCCGTCCGACGACTCACTATCATG,0,25,ATG,TAGGAGTG,1,None,+,3411,primer_only_bad_spacer,CCGCTCCGTCCGACGACTCACTATAGTGNNNNNNNN,CCGCTCCGTCCGACGACTCACTATCATGTAGGAGTG,CCGCTCCGTCCGACGACTCACTATCATGTAGGAGTG,CCGCTCCGTCCGACGACTCACTATCATGTAGGAGTGTTTTTTTTTTTTAAGCACTCAAGGCAAGCTTTATTGAGGCTTTA,AGTGGTTAACCCTCAGAAGCTGCATAAAAGCAGCCGCTTTGCGCTTGTACTGGGTCTCTCTTGTAGACAAGGTTGACCCG
b4eded2e-49bf-4621-a4bb-6563395716df,CCGCTCCGTCCGACGACTCACTATAGTG,CGCTATAGTGAGTCGTCGGACGGAGCGG,5145,5170,GCG,CTCGCGTT,None,None,-,5171,primer_only_bad_spacer,CCGCTCCGTCCGACGACTCACTATAGTGNNNNNNNN,CCGCTCCGTCCGACGACTCACTATAGCGCTCGCGTT,AACGCGAGCGCTATAGTGAGTCGTCGGACGGAGCGG,TAAAGCTAGCAGGAAGATGGCCAGTAAAAGTAATACACACAGACAACGGTAGCAATTTCACCAGCACTGCAATGAAAGCA,GCTTGCCTTGAGTGAAAAAAAAAAAAAAAAAAAAAAAAAAGTTAACGCGAGCGCTATAGTGAGTCGTCGGACGGAGCGGA
793a4c82-ea33-41d0-9e1e-7b3684c6c99f,CCGCTCCGTCCGACGACTCACTATAGTG,GACACTAGTGAGTCGTCGGACGGAGCGG,1798,1823,GTC,ACCGGTTT,2,None,-,1824,primer_only_bad_spacer,CCGCTCCGTCCGACGACTCACTATAGTGNNNNNNNN,CCGCTCCGTCCGACGACTCACTAGTGTCACCGGTTT,AAACCGGTGACACTAGTGAGTCGTCGGACGGAGCGG,CGCAGCAGCATCTGTTGCAACTCACAGTCTGGGGCATTAAACAGCTCCAGGCAAGAGTCCTGGCTGTGGAAAGATACCTA,GAGTGCTTAAAAAAAAAAAAAAAAAAAAAAAAAAAAAAAAAAAAAACCGGTGACACTAGTGAGTCGTCGGACGGAGCGGA
861ec59d-d055-46ef-8631-d154a46f62e3,CCGCTCCGTCCGACGACTCACTATAGTG,CCGCTCCGTCCGACGACTCACTATAGTC,1,26,GTC,CGCAAACT,None,None,+,1813,primer_only_bad_spacer,CCGCTCCGTCCGACGACTCACTATAGTGNNNNNNNN,CCGCTCCGTCCGACGACTCACTATAGTCCGCAAACT,CCGCTCCGTCCGACGACTCACTATAGTCCGCAAACT,CCCGCTCCGTCCGACGACTCACTATAGTCCGCAAACTTTTTTTTTTTTTTTTTTTTTTTTTTTTTTAAGCACTCAAGGCA,TTGTAGGTATCTTTCCACAGCCAGGACTCTTGCCTGGAGCTGTTTAATGCCCCAGACTGTGAGTTGCAACAGATGCTGCA
33ce654b-8bcb-4c41-a1f2-4e17a77e1262,CCGCTCCGTCCGACGACTCACTATAGTG,CCGCTCCGTCCGACGACTCGCTGGTGGT,1,26,GGT,CAAGTTGG,4,1,+,322,primer_only_bad_spacer,CCGCTCCGTCCGACGACTCACTATAGTGNNNNNNNN,CCGCTCCGTCCGACGACTCGCTGGTGGTCAAGTTGG,CCGCTCCGTCCGACGACTCGCTGGTGGTCAAGTTGG,CCCGCTCCGTCCGACGACTCGCTGGTGGTCAAGTTGGTTTTTTTTTTTTTTTTTTTTTTTTTTTTTAAGCACTCAAGGCA,GAAAGTCCCCAGCGGAAGTCCCAGTTCAAACTTCTTTGTCAGCAGTCTTTATAGTACTCTGGGTGTATTTCTCGGGCTAT
61d66751-0077-4753-aaca-8cc212d37c52,CCGCTCCGTCCGACGACTCACTATAGTG,CCGCTCCGTCCGACGACTCACTATAAGT,0,25,AGT,GTCGTTAA,None,None,+,5194,primer_only_bad_spacer,CCGCTCCGTCCGACGACTCACTATAGTGNNNNNNNN,CCGCTCCGTCCGACGACTCACTATAAGTGTCGTTAA,CCGCTCCGTCCGACGACTCACTATAAGTGTCGTTAA,CCGCTCCGTCCGACGACTCACTATAAGTGTCGTTAATTTTTTTTTTTTTTTTTTTTTTTTTTTTTTTTTAGCACTCAAGG,GCTTTCATTGCAGTGCTGGTGAAATTGCTACCGTTGTCTGTGTGTATTACTTTTACTGGCCATCTTCCTGCTAGCTTTAA
a1a973c8-170c-479a-a2ab-1c3e8660541a,CCGCTCCGTCCGACGACTCACTATAGTG,CCGCTCCGTCCGACGACTCACTATAAGT,0,25,AGT,GACCCTTT,None,None,+,20488,primer_only_bad_spacer,CCGCTCCGTCCGACGACTCACTATAGTGNNNNNNNN,CCGCTCCGTCCGACGACTCACTATAAGTGACCCTTT,CCGCTCCGTCCGACGACTCACTATAAGTGACCCTTT,CCGCTCCGTCCGACGACTCACTATAAGTGACCCTTTTTTTTTTTTTTTTTTTTTTTAAGCACTCAAGGCAAGCTTTATTG,GCTTTCATTGCAGTGCTGGTGAAATTGCTACCGTTGTCTGTGTGTATTACTTTTACTGGCCATCTTCCTGCTAGCTTTAA
0dbbdf49-2f6b-47af-b6ae-83ba0fa8d68e,CCGCTCCGTCCGACGACTCACTATAGTG,CCGCTCCGTCCGACGACTCACAAAAAAA,0,25,AAA,AAAAAAAA,2,1,+,51,primer_only_bad_spacer,CCGCTCCGTCCGACGACTCACTATAGTGNNNNNNNN,CCGCTCCGTCCGACGACTCACAAAAAAAAAAAAAAA,CCGCTCCGTCCGACGACTCACAAAAAAAAAAAAAAA,CCGCTCCGTCCGACGACTCACAAAAAAAAAAAAAAAAAAAAAAAAAAAAAA,CCGCTCCGTCCGACGACTCACAAAAAAAAAAAAAAAAAAAAAAAAAAAAAA
380d8d4d-0629-4249-9b71-4b1935932aec,CCGCTCCGTCCGACGACTCACTATAGTG,CGCACTAGTGAGTCGTCGGACGGAGCGG,5161,5186,GCG,CAAACTTT,2,None,-,5187,primer_only_bad_spacer,CCGCTCCGTCCGACGACTCACTATAGTGNNNNNNNN,CCGCTCCGTCCGACGACTCACTAGTGCGCAAACTTT,AAAGTTTGCGCACTAGTGAGTCGTCGGACGGAGCGG,TAAAGTTAGCAGGAAGATGGCCAGTAAAAGTAATACACACAGACAACGGTAGCAATTTCACCAGCACTGCAATGAAAGCA,GCCTTGAGTGCTTAAAAAAAAAAAAAAAAAAAAAAAAAAAAAAAAAGTTTGCGCACTAGTGAGTCGTCGGACGGAGCGGA
c2bde20e-61f8-4199-846c-3474e15c1e61,CCGCTCCGTCCGACGACTCACTATAGTG,CCGCTCCGTCCGACGACTCACTATAGAT,0,25,GAT,GACCCTTT,None,None,+,5014,primer_only_bad_spacer,CCGCTCCGTCCGACGACTCACTATAGTGNNNNNNNN,CCGCTCCGTCCGACGACTCACTATAGATGACCCTTT,CCGCTCCGTCCGACGACTCACTATAGATGACCCTTT,CCGCTCCGTCCGACGACTCACTATAGATGACCCTTTCTTTTTTTTTTTTTTAAGCACTCAAGGCAAGCTTTATTGAGGCT,CTGCCCTATGATTTTCTTTAATTTCTTATTCATAGATTCTACTACTCCTTGACTTTGGGGATTGTAGGGGATCCCAAATT
cc635433-2617-40e5-8abc-2b701d96e45a,CCGCTCCGTCCGACGACTCACTATAGTG,CCGCTCCGTCCGACGACTCACTATATAG,1,26,TAG,TGGACAAC,None,None,+,5089,primer_only_bad_spacer,CCGCTCCGTCCGACGACTCACTATAGTGNNNNNNNN,CCGCTCCGTCCGACGACTCACTATATAGTGGACAAC,CCGCTCCGTCCGACGACTCACTATATAGTGGACAAC,TCCGCTCCGTCCGACGACTCACTATATAGTGGACAACATTTTTTTTTTTTTTAAGCACTCGAGGCAGAACTTTTATTGAG,CTGCTTTAACATGCAGTGCTGAGGTGAAATTGCTACCGTTGTGTGTGTATTACTTTTACTGGCCATCTTAGTTTCTAGTA
4b167581-5c34-4960-a5c4-d25cd565bdcd,CCGCTCCGTCCGACGACTCACTATAGTG,CCGCTCCGTCCGACGACTCACTATAGTG,0,25,GTG,,None,None,+,28,primer_only_short_umi,CCGCTCCGTCCGACGACTCACTATAGTGNNNNNNNN,CCGCTCCGTCCGACGACTCACTATAGTG,CCGCTCCGTCCGACGACTCACTATAGTG,CCGCTCCGTCCGACGACTCACTATAGTG,CCGCTCCGTCCGACGACTCACTATAGTG
bd82fa07-1ba1-4e2d-81c3-b7f370cf7f83,CCGCTCCGTCCGACGACTCACTATAGTG,CCGCTCCGTCCGACGACTCACTATAGTA,0,25,GTA,TGC,None,None,+,31,primer_only_bad_spacer,CCGCTCCGTCCGACGACTCACTATAGTGNNNNNNNN,CCGCTCCGTCCGACGACTCACTATAGTATGC,CCGCTCCGTCCGACGACTCACTATAGTATGC,CCGCTCCGTCCGACGACTCACTATAGTATGC,CCGCTCCGTCCGACGACTCACTATAGTATGC
08e6e058-f684-4e9a-b9b0-471ac0f11387,CCGCTCCGTCCGACGACTCACTATAGTG,CCGCTCCGTCCGACGACTCACCACTATA,0,25,ATA,GTGACATG,3,1,+,80,primer_only_bad_spacer,CCGCTCCGTCCGACGACTCACTATAGTGNNNNNNNN,CCGCTCCGTCCGACGACTCACCACTATAGTGACATG,CCGCTCCGTCCGACGACTCACCACTATAGTGACATG,CCGCTCCGTCCGACGACTCACCACTATAGTGACATGACTTTTTTTTTCTCCAAGTACTATTAAATAGTTTTGTTGTATTT,CCGCTCCGTCCGACGACTCACCACTATAGTGACATGACTTTTTTTTTCTCCAAGTACTATTAAATAGTTTTGTTGTATTT
e9279ef7-d22c-4334-a519-ebbe6abd75d9,CCGCTCCGTCCGACGACTCACTATAGTG,CCGCTCCGTCCGACGACTCACTATCATG,7,32,ATG,CTTCAGGG,1,None,+,4983,primer_only_bad_spacer,CCGCTCCGTCCGACGACTCACTATAGTGNNNNNNNN,CCGCTCCGTCCGACGACTCACTATCATGCTTCAGGG,CCGCTCCGTCCGACGACTCACTATCATGCTTCAGGG,AGCACCTCCGCTCCGTCCGACGACTCACTATCATGCTTCAGGGTTTTTTTTTTTTTTTTTTTTTTTTTTTTTCACTCAAG,TGCACTGTACCCCCAATCCCCCCTTTTCTCTTAAAATTGTGAATGAATACTGCCATTTGTACTGCTGTCCTAAGGTGTTC
3fe8c115-cda1-46cb-a7c0-2c85d896cfe2,CCGCTCCGTCCGACGACTCACTATAGTG,CCGCTCCGTCCGACGACTCACTATAGAG,0,25,GAG,TGGTGGAG,None,None,+,5214,primer_only_bad_spacer,CCGCTCCGTCCGACGACTCACTATAGTGNNNNNNNN,CCGCTCCGTCCGACGACTCACTATAGAGTGGTGGAG,CCGCTCCGTCCGACGACTCACTATAGAGTGGTGGAG,CCGCTCCGTCCGACGACTCACTATAGAGTGGTGGAGGCTTTTTTTTTTTTTTTTTTTTTTTTTTTTTTTTTTTTTTTTTT,GCTTTCATTGCAGTGCTGGTGAAATTGCTACCGTTGTCTGTGTGTATTACTTTTACTGGCCATCTTCCTGCTAGCTTTAA
b61f8657-139d-471e-bf97-f3d1e5034b2b,CCGCTCCGTCCGACGACTCACTATAGTG,GAACATAGTGAGTCGTCGGACGGAGCGG,5176,5201,TTC,ACCTTTTT,1,None,-,5202,primer_only_bad_spacer,CCGCTCCGTCCGACGACTCACTATAGTGNNNNNNNN,CCGCTCCGTCCGACGACTCACTATGTTCACCTTTTT,AAAAAGGTGAACATAGTGAGTCGTCGGACGGAGCGG,TAAAGTTAGCAGGAAGATGGCCAGTAAAAGTAATACACACAGACAACGGTAGCAATTTCACCAGCACTGCAATGAAAGCA,CCTTGAGTGCTTAAAAAAAAAAAAAAAAAAAAAAAAAAAAAAAAAAAAGGTGAACATAGTGAGTCGTCGGACGGAGCGGA
6cfdcc8b-cd07-419a-bc27-8eb7603d9b9f,CCGCTCCGTCCGACGACTCACTATAGTG,CCGCTCCGTCCGACGACTCACTATAGTC,0,25,GTC,CAAGGGTT,None,None,+,20420,primer_only_bad_spacer,CCGCTCCGTCCGACGACTCACTATAGTGNNNNNNNN,CCGCTCCGTCCGACGACTCACTATAGTCCAAGGGTT,CCGCTCCGTCCGACGACTCACTATAGTCCAAGGGTT,CCGCTCCGTCCGACGACTCACTATAGTCCAAGGGTTTTTTTTTTTTTTTTTTTAAGCACTCAAGGCAAGCTTTATTGAGG,GCTTTCATTGCAGTGCTGGTGAAATTGCTACCGTTGTCTGTGTGTATTACTTTTACTGGCCATCTTCCTGCTAGCTTTAA
0b7bdc8a-7746-4fc7-ba90-aa0bd1a15a2e,CCGCTCCGTCCGACGACTCACTATAGTG,CCGCTCCGTCCGACGACTCACTGTGGCA,0,25,GCA,CGGGTTTT,2,None,+,5184,primer_only_bad_spacer,CCGCTCCGTCCGACGACTCACTATAGTGNNNNNNNN,CCGCTCCGTCCGACGACTCACTGTGGCACGGGTTTT,CCGCTCCGTCCGACGACTCACTGTGGCACGGGTTTT,CCGCTCCGTCCGACGACTCACTGTGGCACGGGTTTTTTTTTTTTTTTTTTTTTTTAAGCACTCAAGGCAAGCTTTATTGA,GCTGCTTTCATTGCAGTGCTGGTGAAATTGCTACCGTTGTCTGTGTGTATTACTTTTACTGGCCATCTTCCTGCTAACTA
bf8d8cdc-c1d7-496b-b53d-5c806f3c9c07,CCGCTCCGTCCGACGACTCACTATAGTG,CCGCTCCGTCCGACGACTCACTATAGTC,0,25,GTC,GTCCGGGA,None,None,+,5188,primer_only_bad_spacer,CCGCTCCGTCCGACGACTCACTATAGTGNNNNNNNN,CCGCTCCGTCCGACGACTCACTATAGTCGTCCGGGA,CCGCTCCGTCCGACGACTCACTATAGTCGTCCGGGA,CCGCTCCGTCCGACGACTCACTATAGTCGTCCGGGATTTTTTTTTTTTTTTTTTTTTTTTTTTTTTTTTTTTTTTTTTTT,GCTTTCATTGCAGTGCTGGTGAAATTGCTACCGTTGTCTGTGTGTATTACTTTTACTGGCCATCTTCCTGCTAACTTTAA
d54fda83-cf32-43df-9443-0cd9486f2e4e,CCGCTCCGTCCGACGACTCACTATAGTG,CCGCTCCGTCCGACGACTCACTATAACC,0,25,ACC,ACCATTTT,None,None,+,5158,primer_only_bad_spacer,CCGCTCCGTCCGACGACTCACTATAGTGNNNNNNNN,CCGCTCCGTCCGACGACTCACTATAACCACCATTTT,CCGCTCCGTCCGACGACTCACTATAACCACCATTTT,CCGCTCCGTCCGACGACTCACTATAACCACCATTTTTTTTTTTAAGCACTCAAGGCAAGCTTTATTGAGGCTTTAAGCAG,GCTGCTTTCATTGCAGTGCTGGTGAAATTGCTACCGTTGTCTGTGTGTATTACTTTTACTGGCCATCTTCCTGCTAACTA
1ca2980a-3f8b-4f25-aa1e-47663c708156,CCGCTCCGTCCGACGACTCACTATAGTG,AGCTATAGTGAGTCGTCGGACGGAGCGG,5160,5185,GCT,GAAGCCGA,None,None,-,5186,primer_only_bad_spacer,CCGCTCCGTCCGACGACTCACTATAGTGNNNNNNNN,CCGCTCCGTCCGACGACTCACTATAGCTGAAGCCGA,TCGGCTTCAGCTATAGTGAGTCGTCGGACGGAGCGG,AACTAGCAGGAAGATGGCCAGTAAAAGTAATACACACAGACAACGGTAGCAATTTCACCAGCACTGCAATGAAAGCAGCC,AAAAAAAAAAAAAAAAAAAAAAAAAAAAAAAAAAAAAAAAAAATCGGCTTCAGCTATAGTGAGTCGTCGGACGGAGCGGA
e5705e3c-247b-4d20-8b56-734c2eae4dda,CCGCTCCGTCCGACGACTCACTATAGTG,CCGCTCCGTCCGACGACTCACTATAGTC,0,25,GTC,AGGCATAC,None,None,+,4993,primer_only_bad_spacer,CCGCTCCGTCCGACGACTCACTATAGTGNNNNNNNN,CCGCTCCGTCCGACGACTCACTATAGTCAGGCATAC,CCGCTCCGTCCGACGACTCACTATAGTCAGGCATAC,CCGCTCCGTCCGACGACTCACTATAGTCAGGCATACAGTTTTTTTTTTTTTTTTTTTTTTTTTTTTTTTTTTTTTAAGCA,TGTACCCCCCAATCCCCCCTTTTCTTCTTAAAATTGTGAATGAATACTGCCATTTGTACTGCTGTCCTAAGGTGTTCAGC
28c8d3a1-0412-4481-90e2-520551eed25d,CCGCTCCGTCCGACGACTCACTATAGTG,GGCACTAGTGAGTCGTCGGACGGAGCGG,5182,5207,GCC,CGGCCGTT,2,None,-,5208,primer_only_bad_spacer,CCGCTCCGTCCGACGACTCACTATAGTGNNNNNNNN,CCGCTCCGTCCGACGACTCACTAGTGCCCGGCCGTT,AACGGCCGGGCACTAGTGAGTCGTCGGACGGAGCGG,TAAAGTTAGCAGGAAGATGGCCAGTAAAAGTAATACACACAGACAACGGTAGCAATTTCACCAGCACTGCAATGAAAGCA,AAAAAAAAAAAAAAAAAAAAAAAAAAAAAAAAAAAAAAAAAAAAACGGCCGGGCACTAGTGAGTCGTCGGACGGAGCGGA
0ea87cf3-e2eb-4e58-903c-5cff537aa199,CCGCTCCGTCCGACGACTCACTATAGTG,CCGCTCCGTCCGACGACTCACTATCATG,0,25,ATG,TTTCTTGG,1,None,+,1543,primer_only_bad_spacer,CCGCTCCGTCCGACGACTCACTATAGTGNNNNNNNN,CCGCTCCGTCCGACGACTCACTATCATGTTTCTTGG,CCGCTCCGTCCGACGACTCACTATCATGTTTCTTGG,CCGCTCCGTCCGACGACTCACTATCATGTTTCTTGGACTTTTTTTTTTTTTTTTTTTTTTTTTTAAGCACTCAAGGCAAG,CATCTTGTTATGTCAAACCAATTCCACAGGCTTGCCCATTTATCCAATTCTAACAAATCCTTTTCATTCTTTTCTTGCTG
a4eda25b-0621-4a15-942f-85d547437a3a,CCGCTCCGTCCGACGACTCACTATAGTG,GCGTATCGTGAGTCGTCGGACGGAGCGG,10337,10362,CGC,TAGTACAG,1,1,-,10363,primer_only_bad_spacer,CCGCTCCGTCCGACGACTCACTATAGTGNNNNNNNN,CCGCTCCGTCCGACGACTCACGATACGCTAGTACAG,CTGTACTAGCGTATCGTGAGTCGTCGGACGGAGCGG,TAGCAGGAAGATGGCCAGTAAAAGTAATACACACAGACAACGGTAGCAATTTCACCAGCACTGCAATGAAAGCAGCCTGT,GCTTAAAAAAAAAAAAAAAAAAAAAAAAAAAAAAAAAAAAAATCTGTACTAGCGTATCGTGAGTCGTCGGACGGAGCGGA
988742c8-9427-48d9-92be-d39500a07558,CCGCTCCGTCCGACGACTCACTATAGTG,CCGCTCCGTCCGACGACTCACTATCATG,1,26,ATG,CCGAAACA,1,None,+,5074,primer_only_bad_spacer,CCGCTCCGTCCGACGACTCACTATAGTGNNNNNNNN,CCGCTCCGTCCGACGACTCACTATCATGCCGAAACA,CCGCTCCGTCCGACGACTCACTATCATGCCGAAACA,CCCGCTCCGTCCGACGACTCACTATCATGCCGAAACATTTTTTTTTTTTTAGCACTCAAGGCAAGCTTTATTGAGGCTTT,CTGCCCTATGATTTTCTTTAATTCCTTATTCATAGATTCTACTACTCCTTGACTTTGGGGATTGTAGGGGATCCCAAATT
8aee45d9-723a-4716-a0d9-e8ccc9d8cd28,CCGCTCCGTCCGACGACTCACTATAGTG,CCGCTCCGTCCGACGACTCACTATAGTC,7,32,GTC,GGAACCAA,None,None,+,5182,primer_only_bad_spacer,CCGCTCCGTCCGACGACTCACTATAGTGNNNNNNNN,CCGCTCCGTCCGACGACTCACTATAGTCGGAACCAA,CCGCTCCGTCCGACGACTCACTATAGTCGGAACCAA,AGCGCCTCCGCTCCGTCCGACGACTCACTATAGTCGGAACCAAGTTTTTTTTAGCACTCAAGGCAAGCTTTATTGAGGCT,CTGCTTTCATTGCAGTGCTGGTGAAATTGCTACCGTTGTCTGTGTGTATTACTTTTTCTGGCCATCTTCCTGCTAACTTT
a2605274-d959-4585-aec5-608eda963482,CCGCTCCGTCCGACGACTCACTATAGTG,CCGCTCCGTCCGACGACTCACTCTATAG,0,25,TAG,TGGATCAG,1,None,+,5112,primer_only_bad_spacer,CCGCTCCGTCCGACGACTCACTATAGTGNNNNNNNN,CCGCTCCGTCCGACGACTCACTCTATAGTGGATCAG,CCGCTCCGTCCGACGACTCACTCTATAGTGGATCAG,CCGCTCCGTCCGACGACTCACTCTATAGTGGATCAGAATTTTTTTTTTTTTTAAGCACTCAAGGCAAGCTTTTCTGGAGC,CTTTGGGGATTGTAGGGGATCCCAAATTCCTGCCGGACATTGGCCCACCAACAGGCTGCTTTCATTGCAGTGCTGGTGAA
b9ada240-5e3b-48e9-8737-4885f64ca704,CCGCTCCGTCCGACGACTCACTATAGTG,GCGCTCCGTCCGACGACTCACTATAGTC,0,25,GTC,AATACAGT,1,None,+,5150,primer_only_bad_spacer,CCGCTCCGTCCGACGACTCACTATAGTGNNNNNNNN,GCGCTCCGTCCGACGACTCACTATAGTCAATACAGT,GCGCTCCGTCCGACGACTCACTATAGTCAATACAGT,GCGCTCCGTCCGACGACTCACTATAGTCAATACAGTTTTTTTTTTTTTTAAGCACTCAAGGCAAGCTTTATTGAGGCTTT,GCTTTCATTGCAGTGCTGGTGAAATTGCTACCGTTGTCTGTGTGTATTACTTTTACTGGCCATCTTCCTGCTAGCTTTAA
3d3fcc63-0949-47c6-b860-269a7d2d284e,CCGCTCCGTCCGACGACTCACTATAGTG,CCGCTCCGTCCGACGACTCACTATAAGT,0,25,AGT,GTCGTTAA,None,None,+,5174,primer_only_bad_spacer,CCGCTCCGTCCGACGACTCACTATAGTGNNNNNNNN,CCGCTCCGTCCGACGACTCACTATAAGTGTCGTTAA,CCGCTCCGTCCGACGACTCACTATAAGTGTCGTTAA,CCGCTCCGTCCGACGACTCACTATAAGTGTCGTTAATTTTTTTTTTTTTTTTTTTTTTAGCACTCAAGGCAAGCTTTATT,TGCTTTCATTGCAGTGCTGGTGAAATTGCTACCGTTGTCTGTGTGTATTACTTTTACTGGCCATCTTCCTGCTAGCTTTA
dc5bca57-39c2-4f82-8c35-e512c6896daf,CCGCTCCGTCCGACGACTCACTATAGTG,CCGCTCCGTCCGACGACTCACTATAAGT,0,25,AGT,GTCGTTAA,None,None,+,5080,primer_only_bad_spacer,CCGCTCCGTCCGACGACTCACTATAGTGNNNNNNNN,CCGCTCCGTCCGACGACTCACTATAAGTGTCGTTAA,CCGCTCCGTCCGACGACTCACTATAAGTGTCGTTAA,CCGCTCCGTCCGACGACTCACTATAAGTGTCGTTAATTTTTTTTTTTTTTTTTTTTTTTTAGCACTCAAGGCAAGCTTTA,CTGCCCTATGATTTTCTTTAATTCCTTATTCATAGATTCTACTACTCCTTGACTTTGGGGATTGTAGGGGATCCCAAATT
c1c07218-6c2a-4b35-a962-8c6ef3a639b4,CCGCTCCGTCCGACGACTCACTATAGTG,AACTATAGTGAGTCGTCGGACGGAGCGG,5184,5209,GTT,GGTCCATT,None,None,-,5209,primer_only_bad_spacer,CCGCTCCGTCCGACGACTCACTATAGTGNNNNNNNN,CCGCTCCGTCCGACGACTCACTATAGTTGGTCCATT,AATGGACCAACTATAGTGAGTCGTCGGACGGAGCGG,TAAAGCTAGCAGGAAGATGGCCAGTAAAAGTAATACACACAGACAACGGTAGCAATTTCACCAGCACTGCAATGAAAGCA,AAAAAAAAAAAAAAAAAAAAAAAAAAAAAAAAAAAAAAAAAAATAATGGACCAACTATAGTGAGTCGTCGGACGGAGCGG
1c803ac1-0a60-440c-bb33-0400a2ecce48,CCGCTCCGTCCGACGACTCACTATAGTG,CCGCTCCGTCCGACGACTCACTATAGTC,0,25,GTC,GTCCGGAT,None,None,+,5195,primer_only_bad_spacer,CCGCTCCGTCCGACGACTCACTATAGTGNNNNNNNN,CCGCTCCGTCCGACGACTCACTATAGTCGTCCGGAT,CCGCTCCGTCCGACGACTCACTATAGTCGTCCGGAT,CCGCTCCGTCCGACGACTCACTATAGTCGTCCGGATTTTTTTTTTTTTTTTTTTTTTTTTTTTTTTTAAGCACTCAAGGC,GCTGCTTTCATTGCAGTGCTGGTGAAATTGCTACCGTTGTCTGTGTGTATTACTTTTACTGGCCATCTTCCTGCTAACTA
4e665897-11a9-4b23-8b86-0be60a413ccd,CCGCTCCGTCCGACGACTCACTATAGTG,CGCACTAGTGAGTCGTGGGACGGAGCGG,5138,5163,GCG,CGTTATTT,3,1,-,5164,primer_only_bad_spacer,CCGCTCCGTCCGACGACTCACTATAGTGNNNNNNNN,CCGCTCCGTCCCACGACTCACTAGTGCGCGTTATTT,AAATAACGCGCACTAGTGAGTCGTGGGACGGAGCGG,AGCAGGAAGATGGCCAGTAAAAGTAATACACACAGACAACGGTAGCAATTTCACCAGCACTGCAATGAAAGCAGCCTGTT,ACTGCTTAAAGCCTCAATAAAGCTTGCCTTGAGTGCTTAAAAAAAATAACGCGCACTAGTGAGTCGTGGGACGGAGCGGA
e9c8c5e4-bef9-4430-8977-8487a309bf36,CCGCTCCGTCCGACGACTCACTATAGTG,ACTGCTCGTGAGTCGTCGGACGGAGCGG,5574,5599,AGT,GTTTGGCG,3,1,-,5600,primer_only_bad_spacer,CCGCTCCGTCCGACGACTCACTATAGTGNNNNNNNN,CCGCTCCGTCCGACGACTCACGAGCAGTGTTTGGCG,CGCCAAACACTGCTCGTGAGTCGTCGGACGGAGCGG,ACAAGTGCCATATTCTTCCTGTTCTTAACCCCAATATGTTCTATTACTAAATATAACTATTTGCTGGGGATATGTATTTC,AATAAAGCTTGTTGCATACTAAAAAAAAAAAAAAAAAAAAAAACGCCAAACACTGCTCGTGAGTCGTCGGACGGAGCGGA
9eeb0095-2cda-48ff-b9d4-26d628322839,CCGCTCCGTCCGACGACTCACTATAGTG,CCGCTCCGTCCGACGACTCACTATAGAT,0,25,GAT,GTGTGCGG,None,None,+,12355,primer_only_bad_spacer,CCGCTCCGTCCGACGACTCACTATAGTGNNNNNNNN,CCGCTCCGTCCGACGACTCACTATAGATGTGTGCGG,CCGCTCCGTCCGACGACTCACTATAGATGTGTGCGG,CCGCTCCGTCCGACGACTCACTATAGATGTGTGCGGGTTTTTTTTTTTTTTTTTTTTTCAGGTGTAGTTCTTGTGGGTTG,GCTTTCATTGCAGTGCTGGTGAAATTGCTACCGTTGTCTGTGTGTATTACTTTTACTGGCCATCTTCCTGCTAGCTTTAA
