barcode,Dominant 5' end pattern,Dominant 5' end pattern length (bp),Dominant 3' end pattern,Dominant 3' end pattern length (bp),Reads_without_primer_spacer_with_dominant_pattern,Reads_with_Primer_Spacer_UMI_detected,Reads_with_Primer_Spacer_UMI_with_dominant_pattern_match
barcode01,TGACTAGCGGAGGCTAGAAGGAGAGA,26,CTTGTAGCAAGTGTTACTGTAAAAAA,26,9800,11137,10567
barcode02,TAAAGTTAGCAGGAAGATGGCCAGTAAAA,29,GTCTCTCTTGGTAGACCAGGTCGAGCCCG,29,691,1977,1320
barcode03,TAAAGCTAGCAGGAAGATGGCCAGTA,26,ATAGTGAGTCATCAGGACGGAGCGGA,26,2337,6320,1602
barcode04,TGACTAGCGGAGGCTAGAAGGAGAGA,26,TTGTAGCAAGTGTTACTGTAAAAAAT,26,6492,7657,7261
barcode05,TAAAGCTAGCAGGAAGATGGCCAGTA,26,ATAGTGAGTCATCAGGACGGAGCGGA,26,3425,7361,1801
barcode06,TGACTAGCGGAGGCTAGAAGGAGAGA,26,TTGTAGCAAATGTTATTGTAAAAAAT,26,14687,21337,20199
barcode07,TAAAGCTAGCAGGAAGATGGCCAGTA,26,TCTCTCTTGGTAGACCAGGTCGAGCCCG,28,1606,5232,2428
barcode08,TGACTAGCGGAGGCTAGAAGGAGAGA,26,CTCTCCTTCTAGCCTCCGCTAGTCAA,26,12073,25450,16652
barcode09,TAAAGTTAGCAGGAAGATGGCCAGTAAA,28,GGTCTCTCTTGTAGACCAGGTTGAGCCCG,29,1899,5608,3644
